돼지고기,육류
소고기,육류
쇠고기,육류
닭고기,육류
오리,육류
오리고기,육류
오리훈제,육류
양고기,육류
소시지,육류
소세지,육류
돼지,돼지고기
돼지고기,돼지고기
돼지안심,돼지고기
돼지등심,돼지고기
돼지목살,돼지고기
돼지갈비,돼지고기
돼지사태,돼지고기
돼지고기 사태,돼지사태
족발,돼지고기
삼겹살,돼지고기
통삼겹살,삼겹살
대패삼겹살,돼지고기
오겹살,돼지고기
돼지갈비,돼지고기
돼지등갈비,돼지고기
등갈비,돼지고기
돼지앞다리,돼지고기
돼지뒷다리,돼지고기
순대,돼지고기
탕수육,돼지고기
소고기,소고기
소갈비,소고기
소등심,소고기
불고기,소고기
소고기등심,소등심
쇠고기등심,소등심
소안심,소고기
안심,소안심
소고기안심,소안심
쇠고기안심,소안심
소고기사태,소고기
쇠고기사태,소고기사태
소목살,소고기
양지고기,소고기
우둔살,소고기
양지,소고기
살치살,소고기
부채살,소고기
채끝살,소고기
차돌박이,소고기
사골,소고기
도가니,소고기
치마살,소고기
업진살,소고기
토시살,소고기
곱창,소고기
대창,소고기
막창,소고기
닭고기,닭고기
닭다리,닭고기
닭가슴살,닭고기
닭날개,닭고기
윙,닭고기
닭발,닭고기
치킨,닭고기
근위,닭고기
오리고기,오리고기
오리슬라이스,오리고기
훈제오리,오리고기
양고기,양고기
양갈비,양고기
생선,생선
가다랑어,생선
가오리,생선
코다리,생선
가자미,생선
갈치,생선
감성돔,생선
개복치,생선
고등어,생선
광어,생선
넙치,생선
꼼장어,생선
꽁치,생선
날치,생선
놀래미,생선
농어,생선
능성어,생선
달고기,생선
대구,생선
도다리,생선
도루묵,생선
도미,생선
돔,생선
독가시치,생선
돌돔,생선
돗돔,생선
등푸른생선,생선
만새기,생선
망상어,생선
메기,생선
멸치,생선
잔멸치,생선
건멸치,잔멸치
명태,생선
문절망둑,생선
물메기,생선
미꾸라지,생선
민어,생선
방어,생선
배스,생선
밴댕이,생선
뱅어,생선
벵에돔,생선
병어,생선
보리멸,생선
복어,생선
볼락,생선
부세,생선
부시리,생선
붕어,생선
붕장어,생선
블루길,생선
빙어,생선
상어,생선
삼치,생선
송어,생선
숭어,생선
시샤모,생선
쏘가리,생선
쏠배감펭,생선
쏨뱅이,생선
아귀,생선
연어,생선
열빙어,생선
우럭,생선
은어,생선
임연수어,생선
잉어,생선
장어,생선
전갱이,생선
전복치,생선
전어,생선
점성어,생선
정어리,생선
조기,생선
준치,생선
쥐치,생선
참돔,생선
참치,생선
청새치,생선
청어,생선
향어,생선
홍어,생선
황새치,생선
흰살생선,생선
게맛살,생선
맛살,게맛살
과메기,생선
굴비,생선
돔배기,생선
북어,생선
동태,생선
동태포,생선
황태,생선
노가리,생선
명란,생선
루테피스크,생선
물회,생선회
참치회,생선회
부야베스,생선
생선가스,생선
세꼬시,생선
수르스트뢰밍,생선
식해,생선
아귀찜,생선
어묵,생선
오뎅,생선
쥐포,생선
초밥,생선
추어탕,생선
해물찜,생선
가쓰오부시,생선
가다랑어포,생선
새우,새우류
대하,새우류
딱새우,새우류
꽃새우,새우류
랍스타,갑각류
랍스터,갑각류
홍게,갑각류
꽃게,갑각류
돌게,갑각류
킹크랩,갑각류
가리비,조개류
관자,조개류
국자가리비,조개류
가리맛조개,조개류
계화도조개,조개류
굴,조개류
참굴,조개류
꼬막,조개류
말조개,조개류
피조개,조개류
대칭이,조개류
모시조개,조개류
대합,조개류
바지락,조개류
백합,조개류
키조개,조개류
섭조개,조개류
진주담치,조개류
홍합,조개류
개오지,조개류
골뱅이,조개류
구멍삿갓조개,조개류
소라,조개류
수염고둥,조개류
백고동,조개류
전복,조개류
고동,조개류
해조류,해조류
미역,해조류
다시마,해조류
톳,해조류
김,해조류
꼬시래기,해조류
천,해조류
우뭇가사리,해조류
청각,해조류 
파래,해조류
문어,두족류
낙지,두족류
쭈꾸미,두족류
오징어,두족류
갑오징어,두족류
과일,과일
사과,과일
복분자,과일
유자,과일
감귤,과일
한라봉,과일
감,과일
곶감,과일
밤,과일
키위,과일
올리브,과일
참다래,과일
토마토,과일
수박,과일
참외,과일
딸기,과일
블루베리,과일
체리,과일
바나나,과일
파인애플,과일
포도,과일
복숭아,과일
자두,과일
오렌지,과일
자몽,과일
레몬,과일
망고,과일
아보카도,과일
미숫가루,견과류
땅콩,견과류
검은콩,견과류
마카다미아,견과류
아몬드,견과류
원두,견과류
은행,견과류
잣,견과류
카카오닙스,견과류
캐슈넛,견과류
코코넛,견과류
임거넛,견과류
피스타치오,견과류
피칸,견과류
해바라기씨,견과류
믹스넛,견과류
호두,견과류
호박씨,견과류
사차인치,견과류
캐슈넛,견과류
콩,두류
국산콩,두류
팥,두류
녹두,두류
강낭콩,두류
완두콩,두류
땅콩,두류
달걀,알류
날치알,알류
계란,달걀
신선란,달걀
달걀,달걀
지단,달걀
메추리알,알류
채소,채소
고구마,채소
호박고구마,고구마
감자,채소
당근,채소
백년초,채소
샬롯,채소
옥수수,채소
호박잎,채소
오이,채소
호박,채소
애호박,채소
쥬키니호박,채소
쥬키니 호박,쥬키니호박
파프리카,채소
고추,채소
꽈리고추,고추
청양고추,고추
오이고추,고추
아삭이고추,고추
피망,채소
양배추,채소
얼갈이배추,채소
적채,양배추
배추,채소
봄동,배추
무우,채소
양파,채소
마늘,채소
흑마늘,채소
생강,채소
파,채소
대파,채소
파뿌리,채소
시금치,채소
부추,채소
상추,채소
깻잎,채소
쌈채소,채소
청경채,채소
쌈케일,채소
로메인,채소
알배기,채소
적겨자,채소
바질,채소
콜라비,채소
비트,채소
루꼴라,채소
컬리플라워,채소
컬리 플라워,채소
신선초,채소
샐러드,채소
야채샐러드,채소
셀러리,채소
다진마늘,채소
건도라지,채소
레디쉬,채소
래디쉬,레디쉬
양상추,채소
무순,채소
타임,채소
새싹채소,채소
새싹,새싹채소
아스파라거스,채소
브로콜리,채소
우엉,채소
연근,채소
야콘,채소
두부,두부
순두부,두부
연두부,두부
콩두부,두부
비지,두부
콩비지,두부
찹쌀,쌀
현미,쌀
흑미,쌀
잡곡,쌀
보리,곡류
콩,곡류
강낭콩,곡류
메주콩,곡류
서리태,곡류
팥,곡류
참깨,곡류
검은깨,곡류
검정깨,검은깨
수수,곡류
율무,곡류
녹두,곡류
귀리,곡류
혼합곡,곡류
도토리묵,묵류
청포묵,묵류
묵사발,묵류
새송이,새송이버섯
느타리,느타리버섯
양송이,양송이버섯
표고,표고버섯
팽이,팽이버섯
새송이버섯,버섯
느타리버섯,버섯
양송이버섯,버섯
표고버섯,버섯
팽이버섯,버섯
건버섯,버섯
송이버섯,버섯
노루궁뎅이버섯,버섯
목이버섯,버섯
영지버섯,버섯
머쉬룸,버섯
냉이,나물
곤드레,나물
씀바귀,나물
달래,나물
달맞이꽃,나물
망초,나물
명아주,나물
민들레,나물
비름,나물
비듬나물,나물
색비름,나물
종지나물,나물
취나물,나물
옻순,나물
두릅,나물
도라지,나물
죽순,나물
쇠비름,나물
쑥,나물
유채,나물
합대나물,나물
가죽나물,나물
돌나물,나물
순청,나물
시래기,나물
우거지,나물
콩잎,나물
깻잎,나물
풍나물,나물
고구마줄기,나물
토란대,나물
마늘쫑,나물
호박잎,나물
고사리,나물
콩나물,나물
숙주나물,나물
시금치,나물
미나리,나물
고수,나물
명이나물,나물
소시지,가공식품
생수,물
얼음,가공식품
녹차,가공식품
김밥용김,가공식품
김밥김,김밥용김
김밥 김,김밥용김
단무지,가공식품
떡볶이떡,가공식품
햄,가공식품
베이컨,가공식품
고명,가공식품
유부,가공식품
어묵,가공식품
맛살,가공식품
콩자반,가공식품
무말랭이,가공식품
락교,가공식품
케이퍼,가공식품
김치,가공식품
묵은지,가공식품
만두,가공식품
물만두,가공식품
군만두,가공식품
만두피,가공식품
교자,가공식품
동그랑땡,가공식품
명란젓,가공식품
너겟,가공식품
떡갈비,가공식품
완자,가공식품
돈까스,가공식품
돈가스,돈까스
생선까스,가공식품
생선가스,생선까스
핫도그,가공식품
해쉬브라운,가공식품
해쉬포테이토,해쉬브라운
떡,가공식품
가래떡,가공식품
떡국떡,가공식품
떡볶이,가공식품
치즈볼,가공식품
어묵,가공식품
오뎅,어묵
맛살,가공식품
게맛살,맛살
곤약,가공식품
실곤약,가공식품
피클,가공식품
쌈무,가공식품
누룽지,가공식품
옥수수콘,가공식품
우유,유제품
요거트,유제품
요구루트,유제품
요구르트,요구루트
플레인요거트,유제품
플레인 요거트,유제품
버터,유제품
마가린,유제품
크림,유제품
생크림,크림
사워크림,크림
발사믹크림,크림
휘핑크림,크림
치즈,유제품
파마산치즈,치즈
크림치즈,치즈
모짜렐라치즈,치즈
생치즈,치즈
피자치즈,치즈
리코타치즈,치즈
체다치즈,치즈
소시지,소시지
소세지,소시지
비엔나,소시지
비엔나소시지,소시지
비엔나 소시지,소시지
비앤나소시지,소시지
비앤나 소시지,소시지
프랑크소시지,소시지
프랑크 소시지,소시지
햄,햄
김밥햄,햄
슬라이스햄,햄
슬라이스 햄,햄
베이컨,베이컨
냉면,면류
라면,면류
당면,면류
소면,면류
짜장라면,면류
짜장면,면류
짬뽕,면류
우동,면류
쫄면,면류
소바,면류
메밀면,면류
사리,면류
스파게티,면류
파스타,면류
라볶이,라면
라볶이,떡볶이
통조림,통조림
참치 통조림,통조림
참치캔,통조림
연어통조림,통조림
연어 통조림,연어통조림
스팸,통조림
런천,스팸
황도,통조림
번데기,통조림
고추장,소스장류
초고추장,소스장류
된장,소스장류
미소,된장
청국장,소스장류
나또,소스장류
간장,소스장류
국간장,소스장류
양조간장,소스장류
진간장,소스장류
맛간장,소스장류
어간장,소스장류
쯔유,소스장류
케찹,소스장류
케첩,소스장류
마요네즈,소스장류
마요,마요네즈
머스타드소스,소스장류
머스타드,머스타드소스
굴소스,소스장류
연겨자,소스장류
겨자,소스장류
고추냉이,겨자
와사비,소스장류
생와사비,와사비
연와사비,와사비
갈비양념,소스장류
드레싱,소스장류
참깨드레싱,소스장류
키위드레싱,소스장류
오리엔탈드레싱,소스장류
오리엔탈소스,소스장류
타바스코,소스장류
핫소스,소스장류
춘장,소스장류
칠리소스,소스장류
칠리,칠리소스
타르타르소스,소스장류 
타르타르,타르타르소스
시럽,소스장류
메이플시럽,시럽
두반장,소스장류
굴소스,소스장류
데리야끼소스,소스장류
데리야끼,데리야끼소스
데리야키,데리야끼소스
스테이크소스,소스장류
흑임자소스,소스장류
비빔장,소스장류
비빔소스,소스장류
스파게티소스,소스장류
토마토페이스트,소스장류
토마토페스트,토마토페이스트
홀토마토,토마토페이스트
토마토소스,토마토페이스트
파스타소스,소스장류
돈까스소스,소스장류
바질페스토,소스장류
꿀,소스장류
조청,꿀
쌀조청,꿀
매실청,꿀
오미자청,꿀
생강청,꿀
유자청,꿀
식용유,유지류
포도씨유,식용유
카놀라유,식용유
해바라기유,식용유
해바라기씨유,식용유
올리브유,유지류
콩기름,식용유
들기름,유지류
참기름,유지류
올리브오일,유지류
기름,유지류
파기름,유지류
고추기름,유지류
트러플오일,유지류
트러플 오일,유지류
오일,유지류
설탕,조미료
흑설탕,설탕
갈색설탕,설탕
소금,조미료
함초소금,소금
솔트,소금
천일염,소금
맛소금,소금
삼보죽염,소금
죽염,소금
식초,조미료
홍초,식초
사과식초,식초
발사믹식초,식초
감식초,식초
현미식초,식초
양조식초,식초
액젓,조미료
까나리액젓,액젓
참치액젓,액젓
멸치액젓,액젓
참치액,참치액젓
과즙,조미료
레몬즙,과즙
배즙,과즙
쌀뜨물,조미료
후춧가루,조미료
후추,조미료
올리고당,조미료
요리당,조미료
다시다,조미료
맛술,조미료
물엿,조미료
쌀엿,물엿
월계수잎,조미료
월계수,월계수잎
파슬리,조미료
바질가루,조미료
민트잎,조미료
애플민트,조미료
시즈닝,조미료
미향,조미료
미원,조미료
고춧가루,조미료
고추가루,조미료
육수,조미료
레몬그라스,조미료
허브,조미료
멸치육수,육수
소고기육수,육수
쇠고기육수,육수
다시마육수,육수
가루,가루
밀가루,가루
튀김가루,가루
부침가루,가루
빵가루,가루
박력분,가루
중력분,가루
쌀가루,가루
녹말가루,가루
타피오카,가루
핫케이크,가루
베이킹파우더,가루
베이킹 파우더,베이킹파우더
이스트,가루
전분,가루
믹스,가루
견과류,가루
계피가루,가루
계피,계피가루
시나몬,계피가루
로즈마리,가루
카레,즉석식품
커리,카레
짜장,즉석식품
미트볼,즉석식품
하이라이스,즉석식품
오징어채,건조식품
진미채,건조식품
건새우,건조식품
마른새우,건새우
건포도,건조식품
빵,빵류
식빵,빵류
모닝빵,빵류
토스트,빵류
건빵,빵류
공갈빵,빵류
꽃빵,빵류
단팥빵,빵류
롤빵,빵류
모카빵,빵류
바게트,빵류
베이글,빵류
쇼콜라,빵류
술빵,빵류
치아바타,빵류
츄러스,빵류
크루아상,빵류
포카치아,빵류
호밀빵,빵류
호빵,빵류
또띠아빵,빵류
소주,주류
처음처럼,소주
참이슬,소주
맥주,주류
막걸리,주류
동동주,주류
와인,주류
화이트와인,주류
레드와인,주류
청주,주류
배,과일